id,numeros,aleatorios
0,0,0.5371873193631634
1,1,0.48146108110986185
2,2,0.7950522789023355
3,3,0.8449882167828363
4,4,0.8770812237753931
5,5,0.6749914388180384
6,6,0.2969450018528641
7,7,0.21551995264336898
8,8,0.7505697047896805
9,9,0.6958856010325102
10,10,
11,11,
12,12,
13,13,
14,14,
15,15,
16,16,
17,17,
18,18,
19,19,
